timestamp,orange,red
0.02,0.571794033,0.571794033
0.039999999,0.571794033,0.571794033
0.059999999,0.571794033,0.571794033
0.079999998,0.543205976,0.51461786
0.099999994,0.557500005,0.571794033
0.11999999,0.564647019,0.571794033
0.139999986,0.568220496,0.571794033
0.159999982,0.570007265,0.571794033
0.179999977,0.570900679,0.571794033
0.199999973,0.571347356,0.571794033
0.219999969,0.571570694,0.571794033
0.239999965,0.571682334,0.571794033
0.259999961,0.571738183,0.571794033
0.279999971,0.571766138,0.571794033
0.299999982,0.571780086,0.571794033
0.319999993,0.571787059,0.571794033
0.340000004,0.571790576,0.571794033
0.360000014,0.571792305,0.571794033
0.380000025,0.571793199,0.571794033
0.400000036,0.571793616,0.571794033
0.420000046,0.571793795,0.571794033
0.440000057,0.571793914,0.571794033
0.460000068,0.571793973,0.571794033
0.480000079,0.571794033,0.571794033
0.50000006,0.571794033,0.571794033
0.520000041,0.571794033,0.571794033
0.540000021,0.571794033,0.571794033
0.560000002,0.571794033,0.571794033
0.579999983,0.571794033,0.571794033
0.599999964,0.571794033,0.571794033
0.619999945,0.571794033,0.571794033
0.639999926,0.571794033,0.571794033
0.659999907,0.571794033,0.571794033
0.679999888,0.571794033,0.571794033
0.699999869,0.571794033,0.571794033
0.71999985,0.571794033,0.571794033
0.739999831,0.571794033,0.571794033
0.759999812,0.571794033,0.571794033
0.779999793,0.571794033,0.571794033
0.799999774,0.571794033,0.571794033
0.819999754,0.571794033,0.571794033
0.839999735,0.571794033,0.571794033
0.859999716,0.571794033,0.571794033
0.879999697,0.571794033,0.571794033
0.899999678,0.571794033,0.571794033
0.919999659,0.571794033,0.571794033
0.93999964,0.571794033,0.571794033
0.959999621,0.571794033,0.571794033
0.979999602,0.571794033,0.571794033
0.999999583,0.571794033,0.571794033
1.019999623,0.571794033,0.571794033
1.039999604,0.571794033,0.571794033
1.059999585,0.571794033,0.571794033
1.079999566,0.571794033,0.571794033
1.099999547,0.571794033,0.571794033
1.119999528,0.571794033,0.571794033
1.139999509,0.571794033,0.571794033
1.15999949,0.571794033,0.571794033
1.179999471,0.571794033,0.571794033
1.199999452,0.571794033,0.571794033
1.219999433,0.571794033,0.571794033
1.239999413,0.571794033,0.571794033
1.259999394,0.571794033,0.571794033
1.279999375,0.571794033,0.571794033
1.299999356,0.571794033,0.571794033
1.319999337,0.571794033,0.571794033
1.339999318,0.571794033,0.571794033
1.359999299,0.571794033,0.571794033
1.37999928,0.571794033,0.571794033
1.399999261,0.543205976,0.51461786
1.419999242,0.557500005,0.571794033
1.439999223,0.564647019,0.571794033
1.459999204,0.568220496,0.571794033
1.479999185,0.570007265,0.571794033
1.499999166,0.570615649,0.571223974
1.519999146,0.570919812,0.571223974
1.539999127,0.571071863,0.571223974
1.559999108,0.542588353,0.514104784
1.579999089,0.556906164,0.571223974
1.59999907,0.564065099,0.571223974
1.619999051,0.567644536,0.571223974
1.639999032,0.569434285,0.571223974
1.659999013,0.57032913,0.571223974
1.679998994,0.570776582,0.571223974
1.699998975,0.571000278,0.571223974
1.719998956,0.571112156,0.571223974
1.739998937,0.571168065,0.571223974
1.759998918,0.57119602,0.571223974
1.779998899,0.571210027,0.571223974
1.799998879,0.570932508,0.570655048
1.81999886,0.542262673,0.51359278
1.839998841,0.556458831,0.570655048
1.859998822,0.535025835,0.51359278
1.879998803,0.524309278,0.51359278
1.899998784,0.518951058,0.51359278
1.919998765,0.516271949,0.51359278
1.939998746,0.514932394,0.51359278
1.959998727,0.514262557,0.51359278
1.979998708,0.513927698,0.51359278
1.999998689,0.542291403,0.570655048
2.019998789,0.527942061,0.51359278
2.03999877,0.549014688,0.570087254
2.059998751,0.531048238,0.513081789
2.079998732,0.550567746,0.570087254
2.099998713,0.56032753,0.570087254
2.119998693,0.565207362,0.570087254
2.139998674,0.567647338,0.570087254
2.159998655,0.568867326,0.570087254
2.179998636,0.56947732,0.570087254
2.199998617,0.541279554,0.513081789
2.219998598,0.527180672,0.513081789
2.239998579,0.52013123,0.513081789
2.25999856,0.545109272,0.570087254
2.279998541,0.529095531,0.513081789
2.299998522,0.549308062,0.569520652
2.319998503,0.530939937,0.512571812
2.339998484,0.522010863,0.513081789
2.359998465,0.517291307,0.512571812
2.379998446,0.51493156,0.512571812
2.399998426,0.513751686,0.512571812
2.419998407,0.513161778,0.512571812
2.439998388,0.512866795,0.512571812
2.459998369,0.512974262,0.513081789
2.47999835,0.513028026,0.513081789
2.499998331,0.541274309,0.569520652
2.519998312,0.52692306,0.512571812
2.539998293,0.519747436,0.512571812
2.559998274,0.516159654,0.512571812
2.579998255,0.514365733,0.512571812
2.599998236,0.513468742,0.512571812
2.619998217,0.513020277,0.512571812
2.639998198,0.512796044,0.512571812
2.659998178,0.512683928,0.512571812
2.679998159,0.51262784,0.512571812
2.69999814,0.512599826,0.512571812
2.719998121,0.512585819,0.512571812
2.739998102,0.512578845,0.512571812
2.759998083,0.512575328,0.512571812
2.779998064,0.5125736,0.512571812
2.799998045,0.512572706,0.512571812
2.819998026,0.512572289,0.512571812
2.839998007,0.51257205,0.512571812
2.859997988,0.512317419,0.512062788
2.879997969,0.512444615,0.512571812
2.89999795,0.512508214,0.512571812
2.919997931,0.512539983,0.512571812
2.939997911,0.512555897,0.512571812
2.959997892,0.512563825,0.512571812
2.979997873,0.512567818,0.512571812
2.999997854,0.512315273,0.512062788
3.019997835,0.512443542,0.512571812
3.039997816,0.512253165,0.512062788
3.059997797,0.512157977,0.512062788
3.079997778,0.54055655,0.568955123
3.099997759,0.526309669,0.512062788
3.11999774,0.519186258,0.512062788
3.139997721,0.515624523,0.512062788
3.159997702,0.513843656,0.512062788
3.179997683,0.512953222,0.512062788
3.199997663,0.512508035,0.512062788
3.219997644,0.512285411,0.512062788
3.239997625,0.540620267,0.568955123
3.259997606,0.526341558,0.512062788
3.279997587,0.519202173,0.512062788
3.299997568,0.51563251,0.512062788
3.319997549,0.513847649,0.512062788
3.33999753,0.512955189,0.512062788
3.359997511,0.512508988,0.512062788
3.379997492,0.512285888,0.512062788
3.399997473,0.512174368,0.512062788
3.419997454,0.512118578,0.512062788
3.439997435,0.512090683,0.512062788
3.459997416,0.512076735,0.512062788
3.479997396,0.512069762,0.512062788
3.499997377,0.512066245,0.512062788
3.519997358,0.540510654,0.568955123
3.539997339,0.554732919,0.568955123
3.55999732,0.561843991,0.568955123
3.579997301,0.53695339,0.512062788
3.599997282,0.524508119,0.512062788
3.619997263,0.518285453,0.512062788
3.639997244,0.51517415,0.512062788
3.659997225,0.513618469,0.512062788
3.679997206,0.512840629,0.512062788
3.699997187,0.512451708,0.512062788
3.719997168,0.512257218,0.512062788
3.739997149,0.512160003,0.512062788
3.759997129,0.512111425,0.512062788
3.77999711,0.512087107,0.512062788
3.799997091,0.512074947,0.512062788
3.819997072,0.512068868,0.512062788
3.839997053,0.512065828,0.512062788
3.859997034,0.512064338,0.512062788
3.879997015,0.512063563,0.512062788
3.899996996,0.512063146,0.512062788
3.919996977,0.512062967,0.512062788
3.939996958,0.512062907,0.512062788
3.959996939,0.512062848,0.512062788
3.97999692,0.512062788,0.512062788
3.999996901,0.512062788,0.512062788
4.01999712,0.512062788,0.512062788
4.039997101,0.512062788,0.512062788
4.059997082,0.512062788,0.512062788
4.079997063,0.512062788,0.512062788
4.099997044,0.5123173,0.512571812
4.119997025,0.512444556,0.512571812
4.139997005,0.512253642,0.512062788
4.159996986,0.512412727,0.512571812
4.179996967,0.512237787,0.512062788
4.199996948,0.512150288,0.512062788
4.219996929,0.512106538,0.512062788
4.23999691,0.512339175,0.512571812
4.259996891,0.512455463,0.512571812
4.279996872,0.512513638,0.512571812
4.299996853,0.512288213,0.512062788
4.319996834,0.512430012,0.512571812
4.339996815,0.512500882,0.512571812
4.359996796,0.512281835,0.512062788
4.379996777,0.512172341,0.512062788
4.399996758,0.512117565,0.512062788
4.419996738,0.512090206,0.512062788
4.439996719,0.512076497,0.512062788
4.4599967,0.54051578,0.568955123
4.479996681,0.526289284,0.512062788
4.499996662,0.519430518,0.512571812
4.519996643,0.515746653,0.512062788
4.539996624,0.513904691,0.512062788
4.559996605,0.512983739,0.512062788
4.579996586,0.512777805,0.512571812
4.599996567,0.512420297,0.512062788
4.619996548,0.512241542,0.512062788
4.639996529,0.512152195,0.512062788
4.65999651,0.512107491,0.512062788
4.67999649,0.51208514,0.512062788
4.699996471,0.512073994,0.512062788
4.719996452,0.512068391,0.512062788
4.739996433,0.512065947,0.512063503
4.759996414,0.512064338,0.512062788
4.779996395,0.512063563,0.512062788
4.799996376,0.512063146,0.512062788
4.819996357,0.512062967,0.512062788
4.839996338,0.512062907,0.512062788
4.859996319,0.512062848,0.512062788
4.8799963,0.5123173,0.512571812
4.899996281,0.512190044,0.512062788
4.919996262,0.512126446,0.512062788
4.939996243,0.512349129,0.512571812
4.959996223,0.512205958,0.512062788
4.979996204,0.512134373,0.512062788
4.999996185,0.512353063,0.512571812
5.019996166,0.512207925,0.512062788
5.039996147,0.512389898,0.512571812
5.059996128,0.512480855,0.512571812
5.079996109,0.512526333,0.512571812
5.09999609,0.512294531,0.512062788
5.119996071,0.512178659,0.512062788
5.139996052,0.512375236,0.512571812
5.159996033,0.512219012,0.512062788
5.179996014,0.51214087,0.512062788
5.199995995,0.512101829,0.512062788
5.219995975,0.51233685,0.512571812
5.239995956,0.512454331,0.512571812
5.259995937,0.512513041,0.512571812
5.279995918,0.512287915,0.512062788
5.299995899,0.512175322,0.512062788
5.31999588,0.512119055,0.512062788
5.339995861,0.512090921,0.512062788
5.359995842,0.512331367,0.512571812
5.379995823,0.512197077,0.512062788
5.399995804,0.512384415,0.512571812
5.419995785,0.512478113,0.512571812
5.439995766,0.512270451,0.512062788
5.459995747,0.512166619,0.512062788
5.479995728,0.512114704,0.512062788
5.499995708,0.512088776,0.512062788
5.519995689,0.512330294,0.512571812
5.53999567,0.512451053,0.512571812
5.559995651,0.512511432,0.512571812
5.579995632,0.51228714,0.512062788
5.599995613,0.512429476,0.512571812
5.619995594,0.512246132,0.512062788
5.639995575,0.51215446,0.512062788
5.659995556,0.512108624,0.512062788
5.679995537,0.512085676,0.512062788
5.699995518,0.512074232,0.512062788
5.719995499,0.512323022,0.512571812
5.73999548,0.512447417,0.512571812
5.759995461,0.512509584,0.512571812
5.779995441,0.512540698,0.512571812
5.799995422,0.512301743,0.512062788
5.819995403,0.512182236,0.512062788
5.839995384,0.512122512,0.512062788
5.859995365,0.51209265,0.512062788
5.879995346,0.512078047,0.512063503
5.899995327,0.512324929,0.512571812
5.919995308,0.51244837,0.512571812
5.939995289,0.512510061,0.512571812
5.95999527,0.512286425,0.512062788
5.979995251,0.512429118,0.512571812
5.999995232,0.512500465,0.512571812
6.019995213,0.512536168,0.512571812
6.039995193,0.51255399,0.512571812
6.059995174,0.512562871,0.512571812
6.079995155,0.512567341,0.512571812
6.099995136,0.512315392,0.512063503
6.119995117,0.512443602,0.512571812
6.139995098,0.512507677,0.512571812
6.159995079,0.512539744,0.512571812
6.17999506,0.512555778,0.512571812
6.199995041,0.512563825,0.512571812
6.219995022,0.512568235,0.512572587
6.239995003,0.512570024,0.512571812
6.259994984,0.512570918,0.512571812
6.279994965,0.512571335,0.512571812
6.299994946,0.512571573,0.512571812
6.319994926,0.512571692,0.512571812
6.339994907,0.512571752,0.512571812
6.359994888,0.512571812,0.512571812
6.379994869,0.512571812,0.512571812
6.39999485,0.512571812,0.512571812
6.419994831,0.512571812,0.512571812
6.439994812,0.512571812,0.512571812
6.459994793,0.512571812,0.512571812
6.479994774,0.512571812,0.512571812
6.499994755,0.512571812,0.512571812
6.519994736,0.512571812,0.512571812
6.539994717,0.512571812,0.512571812
6.559994698,0.512571812,0.512571812
6.579994678,0.512571812,0.512571812
6.599994659,0.512571812,0.512571812
6.61999464,0.512571812,0.512571812
6.639994621,0.512571812,0.512571812
6.659994602,0.512571812,0.512571812
6.679994583,0.512571812,0.512571812
6.699994564,0.512571812,0.512571812
6.719994545,0.5123173,0.512062788
6.739994526,0.512444556,0.512571812
6.759994507,0.512508154,0.512571812
6.779994488,0.512539983,0.512571812
6.799994469,0.512555897,0.512571812
6.81999445,0.51230967,0.512063503
6.839994431,0.512186587,0.512063503
6.859994411,0.512379169,0.512571812
6.879994392,0.512475491,0.512571812
6.899994373,0.512523651,0.512571812
6.919994354,0.512547731,0.512571812
6.939994335,0.512559772,0.512571812
6.959994316,0.512565792,0.512571812
6.979994297,0.512569189,0.512572587
6.999994278,0.5125705,0.512571812
7.019994259,0.512571156,0.512571812
7.03999424,0.5123173,0.512063503
7.059994221,0.512444556,0.512571812
7.079994202,0.512508154,0.512571812
7.099994183,0.51254034,0.512572587
7.119994164,0.512556076,0.512571812
7.139994144,0.512564301,0.512572587
7.159994125,0.512568057,0.512571812
7.179994106,0.512570322,0.512572587
7.199994087,0.512316585,0.512062788
7.219994068,0.512444615,0.512572587
7.239994049,0.512508214,0.512571812
7.25999403,0.512539983,0.512571812
7.279994011,0.512555897,0.512571812
7.299993992,0.512563825,0.512571812
7.319993973,0.512567818,0.512571812
7.339993954,0.512569785,0.512571812
7.359993935,0.512570798,0.512571812
7.379993916,0.512571335,0.512571812
7.399993896,0.512571573,0.512571812
7.419993877,0.512571692,0.512571812
7.439993858,0.512571752,0.512571812
7.459993839,0.512571812,0.512571812
7.47999382,0.512571812,0.512571812
7.499993801,0.512571812,0.512571812
7.519993782,0.512571812,0.512571812
7.539993763,0.512572169,0.512572587
7.559993744,0.51257199,0.512571812
7.579993725,0.512571931,0.512571812
7.599993706,0.512571871,0.512571812
7.619993687,0.512571812,0.512571812
7.639993668,0.512571812,0.512571812
7.659993649,0.512571812,0.512571812
7.679993629,0.512572169,0.512572587
7.69999361,0.51257199,0.512571812
7.719993591,0.512571931,0.512571812
7.739993572,0.512571871,0.512571812
7.759993553,0.512571812,0.512571812
7.779993534,0.512571812,0.512571812
7.799993515,0.512571812,0.512571812
7.819993496,0.512571812,0.512571812
7.839993477,0.512571812,0.512571812
7.859993458,0.512571812,0.512571812
7.879993439,0.512571812,0.512571812
7.89999342,0.512571812,0.512571812
7.919993401,0.512571812,0.512571812
7.939993382,0.5123173,0.512062788
7.959993362,0.512190044,0.512062788
7.979993343,0.512380958,0.512571812
7.999993324,0.512221873,0.512062788
8.019993782,0.512396812,0.512571812
8.03999424,0.512484312,0.512571812
8.059994698,0.512528062,0.512571812
8.079995155,0.512549937,0.512571812
8.099995613,0.512560844,0.512571812
8.119996071,0.512566328,0.512571812
8.139996529,0.51256907,0.512571812
8.159996986,0.512570441,0.512571812
8.179997444,0.512571096,0.512571812
8.199997902,0.512571812,0.512572587
8.21999836,0.512571812,0.512571812
8.239998817,0.512571812,0.512571812
8.259999275,0.512571812,0.512571812
8.279999733,0.512571812,0.512571812
8.300000191,0.512571812,0.512571812
8.320000648,0.512571812,0.512571812
8.340001106,0.512571812,0.512571812
8.360001564,0.512571812,0.512571812
8.380002022,0.512571812,0.512571812
8.40000248,0.512571812,0.512571812
8.420002937,0.512571812,0.512571812
8.440003395,0.512571812,0.512571812
8.460003853,0.512571812,0.512571812
8.480004311,0.512571812,0.512571812
8.500004768,0.512571812,0.512571812
8.520005226,0.512571812,0.512571812
8.540005684,0.512571812,0.512571812
8.560006142,0.512572169,0.512572587
8.580006599,0.51257199,0.512571812
8.600007057,0.512571931,0.512571812
8.620007515,0.512571871,0.512571812
8.640007973,0.5123173,0.512062788
8.66000843,0.512444973,0.512572587
8.680008888,0.512508392,0.512571812
8.700009346,0.51228559,0.512062788
8.720009804,0.512428701,0.512571812
8.740010262,0.512500286,0.512571812
8.760010719,0.512536049,0.512571812
8.780011177,0.51255393,0.512571812
8.800011635,0.512562871,0.512571812
8.820012093,0.512567341,0.512571812
8.84001255,0.512569547,0.512571812
8.860013008,0.512570679,0.512571812
8.880013466,0.512571216,0.512571812
8.900013924,0.512571514,0.512571812
8.920014381,0.512571692,0.512571812
8.940014839,0.512571752,0.512571812
8.960015297,0.512571812,0.512571812
8.980015755,0.512571812,0.512571812
9.000016212,0.512571812,0.512571812
9.02001667,0.512571812,0.512571812
9.040017128,0.512571812,0.512571812
9.060017586,0.512571812,0.512571812
9.080018044,0.512571812,0.512571812
9.100018501,0.512571812,0.512571812
9.120018959,0.512571812,0.512571812
9.140019417,0.512571812,0.512571812
9.160019875,0.512571812,0.512571812
9.180020332,0.512571812,0.512571812
9.20002079,0.512571812,0.512571812
9.220021248,0.512571812,0.512571812
9.240021706,0.512571812,0.512571812
9.260022163,0.512571812,0.512571812
9.280022621,0.512571812,0.512571812
9.300023079,0.512571812,0.512571812
9.320023537,0.512571812,0.512571812
9.340023994,0.512571812,0.512571812
9.360024452,0.512571812,0.512571812
9.38002491,0.512571812,0.512571812
9.400025368,0.512571812,0.512571812
9.420025826,0.512571812,0.512571812
9.440026283,0.512571812,0.512571812
9.460026741,0.512571812,0.512571812
9.480027199,0.512571812,0.512571812
9.500027657,0.512571812,0.512571812
9.520028114,0.512571812,0.512571812
9.540028572,0.512571812,0.512571812
9.56002903,0.512571812,0.512571812
9.580029488,0.512571812,0.512571812
9.600029945,0.512571812,0.512571812
9.620030403,0.512571812,0.512571812
9.640030861,0.512571812,0.512571812
9.660031319,0.512571812,0.512571812
9.680031776,0.512571812,0.512571812
9.700032234,0.512571812,0.512571812
9.720032692,0.512571812,0.512571812
9.74003315,0.512572169,0.512572587
9.760033607,0.512572408,0.512572587
9.780034065,0.51257211,0.512571812
9.800034523,0.512571931,0.512571812
9.820034981,0.512572289,0.512572587
9.840035439,0.512572408,0.512572587
9.860035896,0.51257211,0.512571812
9.880036354,0.512571931,0.512571812
9.900036812,0.512571871,0.512571812
9.92003727,0.512571812,0.512571812
9.940037727,0.512571812,0.512571812
9.960038185,0.512571812,0.512571812
9.980038643,0.512571812,0.512571812
10.0000391,0.512571812,0.512571812
10.02003956,0.512571812,0.512571812
10.04004002,0.512571812,0.512571812
10.06004047,0.512571812,0.512571812
10.08004093,0.512571812,0.512571812
10.10004139,0.512571812,0.512571812
10.12004185,0.512571812,0.512571812
10.1400423,0.512571812,0.512571812
10.16004276,0.512571812,0.512571812
10.18004322,0.512571812,0.512571812
10.20004368,0.512571812,0.512571812
10.22004414,0.5123173,0.512062788
10.24004459,0.512444556,0.512571812
10.26004505,0.512508154,0.512571812
10.28004551,0.512539983,0.512571812
10.30004597,0.512555897,0.512571812
10.32004642,0.512563825,0.512571812
10.34004688,0.512567818,0.512571812
10.36004734,0.512569785,0.512571812
10.3800478,0.512570798,0.512571812
10.40004826,0.512571335,0.512571812
10.42004871,0.512571573,0.512571812
10.44004917,0.512571692,0.512571812
10.46004963,0.512571752,0.512571812
10.48005009,0.512571812,0.512571812
10.50005054,0.512571812,0.512571812
10.520051,0.512571812,0.512571812
10.54005146,0.512571812,0.512571812
10.56005192,0.512572169,0.512572587
10.58005238,0.51257199,0.512571812
10.60005283,0.512571931,0.512571812
10.62005329,0.512572289,0.512572587
10.64005375,0.51257205,0.512571812
10.66005421,0.512571931,0.512571812
10.68005466,0.512571871,0.512571812
10.70005512,0.512571812,0.512571812
10.72005558,0.512571812,0.512571812
10.74005604,0.512571812,0.512571812
10.7600565,0.512571812,0.512571812
10.78005695,0.512571812,0.512571812
10.80005741,0.512571812,0.512571812
10.82005787,0.512571812,0.512571812
10.84005833,0.512571812,0.512571812
10.86005878,0.512572169,0.512572587
10.88005924,0.51257199,0.512571812
10.9000597,0.512571931,0.512571812
10.92006016,0.512571871,0.512571812
10.94006062,0.512572229,0.512572587
10.96006107,0.51257205,0.512571812
10.98006153,0.512571931,0.512571812
11.00006199,0.512571871,0.512571812
11.02006245,0.512571812,0.512571812
11.0400629,0.512571812,0.512571812
11.06006336,0.512571812,0.512571812
11.08006382,0.512572169,0.512572587
11.10006428,0.51257199,0.512571812
11.12006474,0.512571931,0.512571812
11.14006519,0.512571871,0.512571812
11.16006565,0.512571812,0.512571812
11.18006611,0.512571812,0.512571812
11.20006657,0.512572169,0.512572587
11.22006702,0.51257199,0.512571812
11.24006748,0.512571931,0.512571812
11.26006794,0.512571871,0.512571812
11.2800684,0.512571812,0.512571812
11.30006886,0.512571812,0.512571812
11.32006931,0.512571812,0.512571812
11.34006977,0.512571812,0.512571812
11.36007023,0.512571812,0.512571812
11.38007069,0.512571812,0.512571812
11.40007114,0.512571812,0.512571812
11.4200716,0.512572169,0.512572587
11.44007206,0.51257199,0.512571812
11.46007252,0.512571931,0.512571812
11.48007298,0.512571871,0.512571812
11.50007343,0.512572229,0.512572587
11.52007389,0.51257205,0.512571812
11.54007435,0.512571931,0.512571812
11.56007481,0.512571871,0.512571812
11.58007526,0.512571812,0.512571812
11.60007572,0.512572169,0.512572587
11.62007618,0.51257199,0.512571812
11.64007664,0.512571931,0.512571812
11.6600771,0.512571871,0.512571812
11.68007755,0.512571812,0.512571812
11.70007801,0.512571812,0.512571812
11.72007847,0.512571812,0.512571812
11.74007893,0.512571812,0.512571812
11.76007938,0.512571812,0.512571812
11.78007984,0.512571812,0.512571812
11.8000803,0.512571812,0.512571812
11.82008076,0.512571812,0.512571812
11.84008121,0.512571812,0.512571812
11.86008167,0.512571812,0.512571812
11.88008213,0.512572169,0.512572587
11.90008259,0.512572408,0.512572587
11.92008305,0.512572527,0.512572587
11.9400835,0.512572169,0.512571812
11.96008396,0.51257199,0.512571812
11.98008442,0.512572289,0.512572587
12.00008488,0.51257205,0.512571812
12.02008533,0.512571931,0.512571812
12.04008579,0.512571871,0.512571812
12.06008625,0.512571812,0.512571812
12.08008671,0.512571812,0.512571812
12.10008717,0.512571812,0.512571812
12.12008762,0.512572169,0.512572587
12.14008808,0.512572408,0.512572587
12.16008854,0.51257211,0.512571812
12.180089,0.512572348,0.512572587
12.20008945,0.51257205,0.512571812
12.22008991,0.512571931,0.512571812
12.24009037,0.512571871,0.512571812
12.26009083,0.512571812,0.512571812
12.28009129,0.512571812,0.512571812
12.30009174,0.512571812,0.512571812
12.3200922,0.512571812,0.512571812
12.34009266,0.512571812,0.512571812
12.36009312,0.512571812,0.512571812
12.38009357,0.512571812,0.512571812
12.40009403,0.512571812,0.512571812
12.42009449,0.512571812,0.512571812
12.44009495,0.512571812,0.512571812
12.46009541,0.512572169,0.512572587
12.48009586,0.512572408,0.512572587
12.50009632,0.51257211,0.512571812
12.52009678,0.512571931,0.512571812
12.54009724,0.512572289,0.512572587
12.56009769,0.51257205,0.512571812
12.58009815,0.512571931,0.512571812
12.60009861,0.512572289,0.512572587
12.62009907,0.51257205,0.512571812
12.64009953,0.512572289,0.512572587
12.66009998,0.512572408,0.512572587
12.68010044,0.51257211,0.512571812
12.7001009,0.512571931,0.512571812
12.72010136,0.512571871,0.512571812
12.74010181,0.512571812,0.512571812
12.76010227,0.512572169,0.512572587
12.78010273,0.51257199,0.512571812
12.80010319,0.512571931,0.512571812
12.82010365,0.512572289,0.512572587
12.8401041,0.512572408,0.512572587
12.86010456,0.512572527,0.512572587
12.88010502,0.512572169,0.512571812
12.90010548,0.51257199,0.512571812
12.92010593,0.512571931,0.512571812
12.94010639,0.512572289,0.512572587
12.96010685,0.51257205,0.512571812
12.98010731,0.512571931,0.512571812
13.00010777,0.512571871,0.512571812
13.02010822,0.512572229,0.512572587
13.04010868,0.51257205,0.512571812
13.06010914,0.512572289,0.512572587
13.0801096,0.51257205,0.512571812
13.10011005,0.512571931,0.512571812
13.12011051,0.512571871,0.512571812
13.14011097,0.512571812,0.512571812
13.16011143,0.512571812,0.512571812
13.18011189,0.512572169,0.512572587
13.20011234,0.512572408,0.512572587
13.2201128,0.512572527,0.512572587
13.24011326,0.512572169,0.512571812
13.26011372,0.51257199,0.512571812
13.28011417,0.512572289,0.512572587
13.30011463,0.512572408,0.512572587
13.32011509,0.512572527,0.512572587
13.34011555,0.512572527,0.512572587
13.360116,0.512572169,0.512571812
13.38011646,0.512572408,0.512572587
13.40011692,0.512827516,0.513082564
13.42011738,0.512700081,0.512572587
13.44011784,0.512635946,0.512571812
13.46011829,0.512603879,0.512571812
13.48011875,0.512843251,0.513082564
13.50011921,0.51296252,0.513081789
13.52011967,0.512767196,0.512571812
13.54012012,0.512669921,0.512572587
13.56012058,0.512621284,0.512572587
13.58012104,0.512596965,0.512572587
13.6001215,0.512584388,0.512571812
13.62012196,0.51257813,0.512571812
13.64012241,0.512575388,0.512572587
13.66012287,0.512573957,0.512572587
13.68012333,0.512572885,0.512571812
13.70012379,0.512572765,0.512572587
13.72012424,0.512572289,0.512571812
13.7401247,0.51257205,0.512571812
13.76012516,0.512572289,0.512572587
13.78012562,0.512572408,0.512572587
13.80012608,0.51257211,0.512571812
13.82012653,0.512571931,0.512571812
13.84012699,0.512571871,0.512571812
13.86012745,0.512572229,0.512572587
13.88012791,0.512572408,0.512572587
13.90012836,0.51257211,0.512571812
13.92012882,0.512571931,0.512571812
13.94012928,0.512572289,0.512572587
13.96012974,0.512572408,0.512572587
13.9801302,0.512572527,0.512572587
14.00013065,0.512572527,0.512572587
14.02013111,0.512572169,0.512571812
14.04013157,0.51257199,0.512571812
14.06013203,0.512572289,0.512572587
14.08013248,0.512572408,0.512572587
14.10013294,0.512572527,0.512572587
14.1201334,0.512572527,0.512572587
14.14013386,0.512572527,0.512572587
14.16013432,0.512572527,0.512572587
14.18013477,0.512572527,0.512572587
14.20013523,0.512572527,0.512572587
14.22013569,0.512572169,0.512571812
14.24013615,0.512572408,0.512572587
14.2601366,0.512572527,0.512572587
14.28013706,0.512572527,0.512572587
14.30013752,0.512572527,0.512572587
14.32013798,0.512572527,0.512572587
14.34013844,0.512572169,0.512571812
14.36013889,0.512572408,0.512572587
14.38013935,0.512572527,0.512572587
14.40013981,0.512572169,0.512571812
14.42014027,0.51257199,0.512571812
14.44014072,0.512572289,0.512572587
14.46014118,0.51257205,0.512571812
14.48014164,0.512571931,0.512571812
14.5001421,0.512571871,0.512571812
14.52014256,0.512571812,0.512571812
14.54014301,0.5128268,0.513081789
14.56014347,0.512699306,0.512571812
14.58014393,0.512635589,0.512571812
14.60014439,0.5126037,0.512571812
14.62014484,0.512587786,0.512571812
14.6401453,0.512579799,0.512571812
14.66014576,0.512576222,0.512572587
14.68014622,0.512574434,0.512572587
14.70014668,0.512573123,0.512571812
14.72014713,0.512572467,0.512571812
14.74014759,0.512572169,0.512571812
14.76014805,0.51257199,0.512571812
14.78014851,0.512571931,0.512571812
14.80014896,0.512571871,0.512571812
14.82014942,0.512571812,0.512571812
14.84014988,0.512571812,0.512571812
14.86015034,0.512571812,0.512571812
14.88015079,0.512571812,0.512571812
14.90015125,0.5128268,0.513081789
14.92015171,0.512699306,0.512571812
14.94015217,0.512635946,0.512572587
14.96015263,0.512603879,0.512571812
14.98015308,0.512587845,0.512571812
15.00015354,0.512580216,0.512572587
15.020154,0.512576401,0.512572587
15.04015446,0.512574077,0.512571812
15.06015491,0.512573361,0.512572587
15.08015537,0.512573004,0.512572587
15.10015583,0.512572408,0.512571812
15.12015629,0.51257211,0.512571812
15.14015675,0.512572348,0.512572587
15.1601572,0.512572467,0.512572587
15.18015766,0.512572527,0.512572587
15.20015812,0.512572169,0.512571812
15.22015858,0.51257199,0.512571812
15.24015903,0.512571931,0.512571812
15.26015949,0.512571871,0.512571812
15.28015995,0.512571812,0.512571812
15.30016041,0.512572169,0.512572587
15.32016087,0.512572408,0.512572587
15.34016132,0.512572527,0.512572587
15.36016178,0.512572169,0.512571812
15.38016224,0.51257199,0.512571812
15.4001627,0.512571931,0.512571812
15.42016315,0.512571871,0.512571812
15.44016361,0.5128268,0.513081789
15.46016407,0.512954295,0.513081789
15.48016453,0.512763023,0.512571812
15.50016499,0.512667418,0.512571812
15.52016544,0.512619615,0.512571812
15.5401659,0.512850702,0.513081789
15.56016636,0.512966275,0.513081789
15.58016682,0.513024032,0.513081789
15.60016727,0.512797952,0.512571812
15.62016773,0.512940288,0.513082564
15.64016819,0.512756467,0.512572587
15.66016865,0.512919545,0.513082564
15.68016911,0.513001084,0.513082564
15.70016956,0.513041854,0.513082564
15.72017002,0.51280725,0.512572587
15.74017048,0.51294452,0.513081789
15.76017094,0.512758136,0.512571812
15.78017139,0.512919962,0.513081789
15.80017185,0.512745857,0.512571812
15.82017231,0.512914181,0.513082564
15.84017277,0.512998343,0.513082564
15.86017323,0.512785435,0.512572587
15.88017368,0.512933969,0.513082564
15.90017414,0.513007879,0.513081789
15.9201746,0.513045192,0.513082564
15.94017506,0.484560192,0.456075221
15.96017551,0.470318019,0.456075877
15.98017597,0.491700292,0.513082564
16.00017548,0.502136469,0.512572587
16.02017593,0.50735414,0.512571812
16.04017639,0.510217965,0.513081789
16.06017685,0.511649847,0.513081789
16.08017731,0.512365818,0.513081789
16.10017776,0.512723804,0.513081789
16.12017822,0.512902796,0.513081789
16.14017868,0.512992263,0.513081789
16.16017914,0.513037443,0.513082564
16.1801796,0.512804985,0.512572587
16.20018005,0.512688756,0.512572587
16.22018051,0.51288569,0.513082564
16.24018097,0.512983739,0.513081789
16.26018143,0.513032794,0.513081789
16.28018188,0.513057292,0.513081789
16.30018234,0.512814522,0.512571812
16.3201828,0.512948155,0.513081789
16.34018326,0.512759984,0.512571812
16.36018372,0.512921274,0.513082564
16.38018417,0.51274693,0.512572587
16.40018463,0.512659371,0.512571812
16.42018509,0.512870967,0.513082564
16.44018555,0.512721419,0.512571812
16.460186,0.512902021,0.513082564
16.48018646,0.512991905,0.513081789
16.50018692,0.512782216,0.512572587
16.52018738,0.512677014,0.512571812
16.54018784,0.512879789,0.513082564
16.56018829,0.51272583,0.512571812
16.58018875,0.512649179,0.512572587
16.60018921,0.512865901,0.513082564
16.62018967,0.512973845,0.513081789
16.64019012,0.513027787,0.513081789
16.66019058,0.513054788,0.513081789
16.68019104,0.51281333,0.512571812
16.7001915,0.512947559,0.513081789
16.72019196,0.513015032,0.513082564
16.74019241,0.51304841,0.513081789
16.76019287,0.513065457,0.513082564
16.78019333,0.51307404,0.513082564
16.80019379,0.513078332,0.513082564
16.82019424,0.513080478,0.513082564
16.8401947,0.512826562,0.512572587
16.86019516,0.512699604,0.512572587
16.88019562,0.512635708,0.512571812
16.90019608,0.512859106,0.513082564
16.92019653,0.512970448,0.513081789
16.94019699,0.513026476,0.513082564
16.96019745,0.51305449,0.513082564
16.98019791,0.51306814,0.513081789
17.00019836,0.513075352,0.513082564
17.02019882,0.512823939,0.512572587
17.04019928,0.512698293,0.512572587
17.06019974,0.512635469,0.512572587
17.0802002,0.512603998,0.512572587
17.10020065,0.512843251,0.513082564
17.12020111,0.512962937,0.513082564
17.14020157,0.512767792,0.512572587
17.16020203,0.512670159,0.512572587
17.18020248,0.512876391,0.513082564
17.20020294,0.512724102,0.512571812
17.2202034,0.512648344,0.512572587
17.24020386,0.512865067,0.513081789
17.26020432,0.512973785,0.513082564
17.28020477,0.513028145,0.513082564
17.30020523,0.513055325,0.513082564
17.32020569,0.513068914,0.513082564
17.34020615,0.513075709,0.513082564
17.3602066,0.513078749,0.513081789
17.38020706,0.513080657,0.513082564
17.40020752,0.51308161,0.513082564
17.42020798,0.513082087,0.513082564
17.44020844,0.513082325,0.513082564
17.46020889,0.513082445,0.513082564
17.48020935,0.513082504,0.513082564
17.50020981,0.512827516,0.512572587
17.52021027,0.51295507,0.513082564
17.54021072,0.513018847,0.513082564
17.56021118,0.513050675,0.513082564
17.58021164,0.512811661,0.512572587
17.6002121,0.512692094,0.512572587
17.62021255,0.512886941,0.513081789
17.64021301,0.512984753,0.513082564
17.66021347,0.513033628,0.513082564
17.68021393,0.513058066,0.513082564
17.70021439,0.513070345,0.513082564
17.72021484,0.513076067,0.513081789
17.7402153,0.513079286,0.513082564
17.76021576,0.513080955,0.513082564
17.78021622,0.513081789,0.513082564
17.80021667,0.513082147,0.513082564
17.82021713,0.513081968,0.513081789
17.84021759,0.512827277,0.512572587
17.86021805,0.51295495,0.513082564
17.88021851,0.51301837,0.513081789
17.90021896,0.513050437,0.513082564
17.92021942,0.51306653,0.513082564
17.94021988,0.513074517,0.513082564
17.96022034,0.51307857,0.513082564
17.98022079,0.513080597,0.513082564
18.00022125,0.513081193,0.513081789
18.02022171,0.513081491,0.513081789
18.04022217,0.513082027,0.513082564
18.06022263,0.513082266,0.513082564
18.08022308,0.513082385,0.513082564
18.10022354,0.513082087,0.513081789
18.120224,0.513082325,0.513082564
18.14022446,0.513082445,0.513082564
18.16022491,0.513082147,0.513081789
18.18022537,0.513081968,0.513081789
18.20022583,0.513081908,0.513081789
18.22022629,0.513082266,0.513082564
18.24022675,0.513082027,0.513081789
18.2602272,0.513082266,0.513082564
18.28022766,0.513082385,0.513082564
18.30022812,0.513082504,0.513082564
18.32022858,0.512827516,0.512572587
18.34022903,0.512700081,0.512572587
18.36022949,0.512891293,0.513082564
18.38022995,0.512986898,0.513082564
18.40023041,0.513034701,0.513082564
18.42023087,0.513058662,0.513082564
18.44023132,0.513070226,0.513081789
18.46023178,0.512821436,0.512572587
18.48023224,0.51295197,0.513082564
18.5002327,0.513017297,0.513082564
18.52023315,0.51304996,0.513082564
18.54023361,0.513066292,0.513082564
18.56023407,0.513074398,0.513082564
18.58023453,0.513078451,0.513082564
18.60023499,0.513080478,0.513082564
18.62023544,0.513081551,0.513082564
18.6402359,0.513082027,0.513082564
18.66023636,0.513082266,0.513082564
18.68023682,0.513082385,0.513082564
18.70023727,0.513082504,0.513082564
18.72023773,0.513082504,0.513082564
18.74023819,0.513082504,0.513082564
18.76023865,0.513082504,0.513082564
18.78023911,0.512827158,0.512571812
18.80023956,0.512954831,0.513082564
18.82024002,0.513018727,0.513082564
18.84024048,0.513050675,0.513082564
18.86024094,0.513066649,0.513082564
18.88024139,0.513074636,0.513082564
18.90024185,0.512823582,0.512572587
18.92024231,0.512953043,0.513082564
18.94024277,0.513017774,0.513082564
18.96024323,0.513050199,0.513082564
18.98024368,0.513065994,0.513081789
19.00024414,0.513074279,0.513082564
19.0202446,0.513078451,0.513082564
19.04024506,0.484577179,0.456075877
19.06024551,0.470326543,0.456075877
19.08024597,0.491704553,0.513082564
19.10024643,0.502393544,0.513082564
19.12024689,0.507738054,0.513082564
19.14024734,0.510410309,0.513082564
19.1602478,0.511746407,0.513082564
19.18024826,0.512414455,0.513082564
19.20024872,0.51274848,0.513082564
19.22024918,0.512915492,0.513082564
19.24024963,0.512999058,0.513082564
19.26025009,0.513040781,0.513082564
19.28025055,0.513061643,0.513082564
19.30025101,0.513072133,0.513082564
19.32025146,0.48457402,0.456075877
19.34025192,0.498828292,0.513082564
19.36025238,0.505955458,0.513082564
19.38025284,0.509518981,0.513082564
19.4002533,0.511300802,0.513082564
19.42025375,0.512191653,0.513082564
19.44025421,0.512637138,0.513082564
19.46025467,0.512859821,0.513082564
19.48025513,0.512971163,0.513082564
19.50025558,0.513026834,0.513082564
19.52025604,0.513054311,0.513081789
19.5402565,0.51306808,0.513081789
19.56025696,0.513075352,0.513082564
19.58025742,0.51307857,0.513081789
19.60025787,0.513080597,0.513082564
19.62025833,0.513081193,0.513081789
19.64025879,0.513081491,0.513081789
19.66025925,0.513082027,0.513082564
19.6802597,0.513081908,0.513081789
19.70026016,0.513081849,0.513081789
19.72026062,0.513082206,0.513082564
19.74026108,0.513082027,0.513081789
19.76026154,0.513082266,0.513082564
19.78026199,0.513082385,0.513082564
19.80026245,0.513082504,0.513082564
19.82026291,0.513082504,0.513082564
19.84026337,0.513082147,0.513081789
19.86026382,0.513081968,0.513081789
19.88026428,0.513082266,0.513082564
19.90026474,0.513082385,0.513082564
19.9202652,0.513082087,0.513081789
19.94026566,0.513081908,0.513081789
19.96026611,0.513082266,0.513082564
19.98026657,0.513082385,0.513082564
20.00026703,0.513082504,0.513082564
20.02026749,0.513082504,0.513082564
20.04026794,0.513082504,0.513082564
20.0602684,0.513082504,0.513082564
20.08026886,0.513082504,0.513082564
20.10026932,0.513082504,0.513082564
20.12026978,0.513082147,0.513081789
20.14027023,0.513082385,0.513082564
20.16027069,0.513082504,0.513082564
20.18027115,0.513082147,0.513081789
20.20027161,0.513082385,0.513082564
20.22027206,0.484578788,0.456075221
20.24027252,0.498830676,0.513082564
20.26027298,0.477453291,0.456075877
20.28027344,0.495267928,0.513082564
20.3002739,0.504175246,0.513082564
20.32027435,0.508628488,0.513081789
20.34027481,0.510855138,0.513081789
20.36027527,0.511968493,0.513081789
20.38027573,0.512525558,0.513082564
20.40027618,0.512804031,0.513082564
20.42027664,0.512943268,0.513082564
20.4402771,0.513012886,0.513082564
20.46027756,0.484544396,0.456075877
20.48027802,0.49881348,0.513082564
20.50027847,0.477444679,0.456075877
20.52027893,0.495263636,0.513082564
20.54027939,0.504172683,0.513081789
20.56027985,0.508627653,0.513082564
20.5802803,0.48235178,0.456075877
20.60028076,0.497716784,0.513081789
20.62028122,0.505399287,0.513081789
20.64028168,0.509240508,0.513081789
20.66028214,0.511161566,0.513082564
20.68028259,0.512122035,0.513082564
20.70028305,0.512602329,0.513082564
20.72028351,0.512842417,0.513082564
20.74028397,0.512962461,0.513082564
20.76028442,0.513022542,0.513082564
20.78028488,0.513052583,0.513082564
20.80028534,0.513067603,0.513082564
20.8202858,0.513075113,0.513082564
20.84028625,0.513078809,0.513082564
20.86028671,0.513080299,0.513081789
20.88028717,0.513081431,0.513082564
20.90028763,0.513082027,0.513082564
20.92028809,0.513082266,0.513082564
20.94028854,0.513082385,0.513082564
20.960289,0.513082504,0.513082564
20.98028946,0.513082504,0.513082564
21.00028992,0.513082504,0.513082564
21.02029037,0.513082504,0.513082564
21.04029083,0.513082504,0.513082564
21.06029129,0.513082504,0.513082564
21.08029175,0.513082504,0.513082564
21.10029221,0.513082504,0.513082564
21.12029266,0.513082504,0.513082564
21.14029312,0.513082504,0.513082564
21.16029358,0.513082504,0.513082564
21.18029404,0.513082504,0.513082564
21.20029449,0.513082504,0.513082564
21.22029495,0.513082504,0.513082564
21.24029541,0.513082504,0.513082564
21.26029587,0.484579206,0.456075877
21.28029633,0.470327556,0.456075877
21.30029678,0.49170506,0.513082564
21.32029724,0.502393842,0.513082564
21.3402977,0.507738233,0.513082564
21.36029816,0.510410428,0.513082564
21.38029861,0.512001634,0.51359278
21.40029907,0.512541711,0.513081789
21.42029953,0.512812138,0.513082564
21.44029999,0.484443665,0.456075221
21.46030045,0.498762727,0.513081789
21.4803009,0.505922675,0.513082564
21.50030136,0.509502649,0.513082564
21.52030182,0.511292577,0.513082564
21.54030228,0.5121876,0.513082564
21.56030273,0.512635112,0.513082564
21.58030319,0.512858868,0.513082564
21.60030365,0.512970686,0.513082564
21.62030411,0.513026595,0.513082564
21.64030457,0.513054609,0.513082564
21.66030502,0.513068557,0.513082564
21.68030548,0.51307559,0.513082564
21.70030594,0.513079047,0.513082564
21.7203064,0.513080835,0.513082564
21.74030685,0.51308167,0.513082564
21.76030731,0.513081729,0.513081789
21.78030777,0.484578788,0.456075877
21.80030823,0.470327318,0.456075877
21.82030869,0.491704941,0.513082564
21.84030914,0.502393723,0.513082564
21.8603096,0.507738113,0.513082564
21.88031006,0.510410309,0.513082564
21.90031052,0.511746407,0.513082564
21.92031097,0.483911157,0.456075877
21.94031143,0.469993532,0.456075877
21.96031189,0.491538048,0.513082564
21.98031235,0.473806977,0.456075877
22.00031281,0.493444383,0.513081789
22.02031326,0.503263474,0.513082564
22.04031372,0.508172989,0.513082564
22.06031418,0.510627389,0.513081789
22.08031464,0.511855006,0.513082564
22.10031509,0.512468815,0.513082564
22.12031555,0.51277566,0.513082564
22.14031601,0.512929082,0.513082564
22.16031647,0.513005853,0.513082564
22.18031693,0.513044238,0.513082564
22.20031738,0.513063431,0.513082564
22.22031784,0.513072968,0.513082564
22.2403183,0.513077736,0.513082564
22.26031876,0.513079762,0.513081789
22.28031921,0.513081193,0.513082564
22.30031967,0.513081908,0.513082564
22.32032013,0.513082266,0.513082564
22.34032059,0.513082385,0.513082564
22.36032104,0.513082504,0.513082564
22.3803215,0.513082504,0.513082564
22.40032196,0.513082504,0.513082564
22.42032242,0.513082504,0.513082564
22.44032288,0.484579206,0.456075877
22.46032333,0.498830885,0.513082564
22.48032379,0.477453381,0.456075877
22.50032425,0.466764629,0.456075877
22.52032471,0.489923596,0.513082564
22.54032516,0.50150311,0.513082564
22.56032562,0.507292867,0.513082564
22.58032608,0.510187745,0.513082564
22.60032654,0.511635184,0.513082564
22.620327,0.512614369,0.513593554
22.64032745,0.484345138,0.456075877
22.66032791,0.470210493,0.456075877
22.68032837,0.491646528,0.513082564
22.70032883,0.502364516,0.513082564
22.72032928,0.50772357,0.513082564
22.74032974,0.510403037,0.513082564
22.7603302,0.51174283,0.513082564
22.78033066,0.512412667,0.513082564
22.80033112,0.513003111,0.513593554
22.82033157,0.513042808,0.513082564
22.84033203,0.484559357,0.456075877
22.86033249,0.498820961,0.513082564
22.88033295,0.505951762,0.513082564
22.9003334,0.509517193,0.513082564
22.92033386,0.48279655,0.456075877
22.94033432,0.469436228,0.456075877
22.96033478,0.462756038,0.456075877
22.98033524,0.487919301,0.513082564
23.00033569,0.500500917,0.513082564
23.02033615,0.506791711,0.513082564
23.04033661,0.509937167,0.513082564
23.06033707,0.511509895,0.513082564
23.08033752,0.5122962,0.513082564
23.10033798,0.512689352,0.513082564
23.12033844,0.513141453,0.513593554
23.1403389,0.48460865,0.456075877
23.16033936,0.498845607,0.513082564
23.18033981,0.5059641,0.513082564
23.20034027,0.481019974,0.456075877
23.22034073,0.46854794,0.456075877
23.24034119,0.490815252,0.513082564
23.26034164,0.501948893,0.513082564
23.2803421,0.507515728,0.513082564
23.30034256,0.481795788,0.456075877
23.32034302,0.497439176,0.513082564
23.34034348,0.505260885,0.513082564
23.36034393,0.509171724,0.513082564
23.38034439,0.482623816,0.456075877
23.40034485,0.49785319,0.513082564
23.42034531,0.505467892,0.513082564
23.44034576,0.509275198,0.513082564
23.46034622,0.511178851,0.513082564
23.48034668,0.512130737,0.513082564
23.50034714,0.512606621,0.513082564
23.5203476,0.512844563,0.513082564
23.54034805,0.512963533,0.513082564
23.56034851,0.513023019,0.513082564
23.58034897,0.513308287,0.513593554
23.60034943,0.513195395,0.513082564
23.62034988,0.484635651,0.456075877
23.64035034,0.470355749,0.456075877
23.6603508,0.491719157,0.513082564
23.68035126,0.502400875,0.513082564
23.70035172,0.50774169,0.513082564
23.72035217,0.510412097,0.513082564
23.74035263,0.51174736,0.513082564
23.76035309,0.512414932,0.513082564
23.78035355,0.512748718,0.513082564
23.800354,0.512915611,0.513082564
23.82035446,0.512999058,0.513082564
23.84035492,0.513040423,0.513081789
23.86035538,0.513061523,0.513082564
23.88035583,0.513072014,0.513082564
23.90035629,0.513077259,0.513082564
23.92035675,0.513079882,0.513082564
23.94035721,0.484577894,0.456075877
23.96035767,0.498830229,0.513082564
23.98035812,0.505956411,0.513082564
24.00035858,0.509519458,0.513082564
24.02035904,0.482797682,0.456075877
24.0403595,0.497940123,0.513082564
24.06035995,0.505511343,0.513082564
24.08036041,0.509296536,0.513081789
24.10036087,0.482685864,0.456075221
24.12036133,0.497884214,0.513082564
24.14036179,0.505483389,0.513082564
24.16036224,0.509282947,0.513082564
24.1803627,0.511182785,0.513082564
24.20036316,0.512132645,0.513082564
24.22036362,0.512607574,0.513082564
24.24036407,0.512845039,0.513082564
24.26036453,0.512963772,0.513082564
24.28036499,0.513278663,0.513593554
24.30036545,0.513180614,0.513082564
24.32036591,0.513131618,0.513082564
24.34036636,0.513107061,0.513082564
24.36036682,0.513094783,0.513082564
24.38036728,0.513088703,0.513082564
24.40036774,0.513085604,0.513082564
24.42036819,0.513084054,0.513082564
24.44036865,0.513082922,0.513081789
24.46036911,0.513082385,0.513081789
24.48036957,0.513082504,0.513082564
24.50037003,0.513082504,0.513082564
24.52037048,0.513338029,0.513593554
24.54037094,0.513465762,0.513593554
24.5603714,0.484770834,0.456075877
24.58037186,0.498926699,0.513082564
24.60037231,0.506004632,0.513082564
24.62037277,0.509543598,0.513082564
24.64037323,0.482809722,0.456075877
24.66037369,0.497946143,0.513082564
24.68037415,0.505514383,0.513082564
24.7003746,0.509298444,0.513082564
24.72037506,0.511190534,0.513082564
24.74037552,0.512136579,0.513082564
24.76037598,0.512609601,0.513082564
24.78037643,0.484342396,0.456075221
24.80037689,0.49871248,0.513082564
24.82037735,0.505897522,0.513082564
24.84037781,0.509490013,0.513082564
24.86037827,0.511286259,0.513082564
24.88037872,0.483681083,0.456075877
24.90037918,0.469878495,0.456075877
24.92037964,0.491480529,0.513082564
24.9403801,0.502281547,0.513082564
24.96038055,0.507682085,0.513082564
24.98038101,0.510382295,0.513082564
25.00038147,0.511732459,0.513082564
25.02038193,0.483904183,0.456075877
25.04038239,0.469990015,0.456075877
25.06038284,0.491536289,0.513082564
25.0803833,0.502309442,0.513082564
25.10038376,0.479192674,0.456075877
25.12038422,0.496137619,0.513082564
25.14038467,0.504610062,0.513082564
25.16038513,0.508846283,0.513082564
25.18038559,0.510964394,0.513082564
25.20038605,0.512023449,0.513082564
25.22038651,0.512552977,0.513082564
25.24038696,0.51281774,0.513082564
25.26038742,0.484446466,0.456075221
25.28038788,0.498764515,0.513082564
25.30038834,0.477420211,0.456075877
25.32038879,0.466748059,0.456075877
25.34038925,0.489915311,0.513082564
25.36038971,0.501498938,0.513082564
25.38039017,0.507290721,0.513082564
25.40039063,0.510186672,0.513082564
25.42039108,0.511634588,0.513082564
25.44039154,0.512358546,0.513082564
25.460392,0.512720585,0.513082564
25.48039246,0.512901545,0.513082564
25.50039291,0.512992024,0.513082564
25.52039337,0.513037324,0.513082564
25.54039383,0.513059974,0.513082564
25.56039429,0.513071299,0.513082564
25.58039474,0.513076544,0.513081789
25.6003952,0.513079524,0.513082564
25.62039566,0.513081074,0.513082564
25.64039612,0.513081789,0.513082564
25.66039658,0.513082147,0.513082564
25.68039703,0.513082385,0.513082564
25.70039749,0.513082087,0.513081789
25.72039795,0.513082325,0.513082564
25.74039841,0.513082445,0.513082564
25.76039886,0.513082504,0.513082564
25.78039932,0.484578848,0.456075221
25.80039978,0.498830318,0.513081789
25.82040024,0.505956411,0.513082564
25.8404007,0.509519458,0.513082564
25.86040115,0.511301041,0.513082564
25.88040161,0.512191772,0.513082564
25.90040207,0.512637138,0.513082564
25.92040253,0.512859821,0.513082564
25.94040298,0.484467864,0.456075877
25.96040344,0.498775214,0.513082564
25.9804039,0.505928874,0.513082564
26.00040436,0.509505749,0.513082564
26.02040482,0.511294127,0.513082564
26.04040527,0.512188315,0.513082564
26.06040573,0.512635469,0.513082564
26.08040619,0.512858987,0.513082564
26.10040665,0.512970388,0.513081789
26.1204071,0.513026476,0.513082564
26.14040756,0.513054132,0.513081789
26.16040802,0.513068318,0.513082564
26.18040848,0.513075471,0.513082564
26.20040894,0.513079047,0.513082564
26.22040939,0.513336301,0.513593554
26.24040985,0.513209462,0.513082564
26.26041031,0.513146043,0.513082564
26.28041077,0.513114333,0.513082564
26.30041122,0.513098478,0.513082564
26.32041168,0.513090491,0.513082564
26.34041214,0.513086557,0.513082564
26.3604126,0.513084531,0.513082564
26.38041306,0.51308316,0.513081789
26.40041351,0.513082862,0.513082564
26.42041397,0.513082743,0.513082564
26.44041443,0.513082266,0.513081789
26.46041489,0.513082385,0.513082564
26.48041534,0.513082504,0.513082564
26.5004158,0.513082504,0.513082564
26.52041626,0.513082504,0.513082564
26.54041672,0.513082504,0.513082564
26.56041718,0.513082504,0.513082564
26.58041763,0.484579206,0.456075877
26.60041809,0.498830885,0.513082564
26.62041855,0.505956709,0.513082564
26.64041901,0.509519637,0.513082564
26.66041946,0.5113011,0.513082564
26.68041992,0.512191832,0.513082564
26.70042038,0.512637198,0.513082564
26.72042084,0.512859881,0.513082564
26.7404213,0.512971222,0.513082564
26.76042175,0.513026893,0.513082564
26.78042221,0.513054729,0.513082564
26.80042267,0.513068676,0.513082564
26.82042313,0.51307559,0.513082564
26.84042358,0.513334572,0.513593554
26.86042404,0.513208568,0.513082564
26.8804245,0.513145566,0.513082564
26.90042496,0.51336956,0.513593554
26.92042542,0.484949887,0.456530213
26.94042587,0.499016225,0.513082564
26.96042633,0.506049395,0.513082564
26.98042679,0.509565949,0.513082564
27.00042725,0.511324286,0.513082564
27.0204277,0.512203455,0.513082564
27.04042816,0.51264298,0.513082564
27.06042862,0.512862802,0.513082564
27.08042908,0.512972713,0.513082564
27.10042953,0.513027668,0.513082564
27.12042999,0.513055086,0.513082564
27.14043045,0.513068795,0.513082564
27.16043091,0.513075709,0.513082564
27.18043137,0.513079166,0.513082564
27.20043182,0.513080478,0.513081789
27.22043228,0.484805346,0.456530213
27.24043274,0.498943955,0.513082564
27.2604332,0.506013274,0.513082564
27.28043365,0.509547949,0.513082564
27.30043411,0.511315227,0.513082564
27.32043457,0.512198925,0.513082564
27.34043503,0.512640715,0.513082564
27.36043549,0.513117135,0.513593554
27.38043594,0.513355374,0.513593554
27.4004364,0.484715641,0.456075877
27.42043686,0.498898715,0.513081789
27.44043732,0.505990624,0.513082564
27.46043777,0.509536624,0.513082564
27.48043823,0.482806265,0.456075877
27.50043869,0.49819991,0.513593554
27.52043915,0.505641222,0.513082564
27.54043961,0.509361863,0.513082564
27.56044006,0.511222243,0.513082564
27.58044052,0.512152433,0.513082564
27.60044098,0.512617469,0.513082564
27.62044144,0.513105512,0.513593554
27.64044189,0.513349533,0.513593554
27.66044235,0.513216019,0.513082564
27.68044281,0.513149261,0.513082564
27.70044327,0.513115883,0.513082564
27.72044373,0.513099194,0.513082564
27.74044418,0.513090849,0.513082564
27.76044464,0.513086677,0.513082564
27.7804451,0.51308465,0.513082564
27.80044556,0.513339102,0.513593554
27.82044601,0.513466358,0.513593554
27.84044647,0.513529956,0.513593554
27.86044693,0.51330626,0.513082564
27.88044739,0.513194025,0.513081789
27.90044785,0.513138294,0.513082564
27.9204483,0.513365924,0.513593554
27.94044876,0.513224244,0.513082564
27.96044922,0.513153434,0.513082564
27.98044968,0.513118029,0.513082564
28.00045013,0.513100266,0.513082564
28.02045059,0.51334691,0.513593554
28.04045105,0.513470232,0.513593554
28.06045151,0.485000223,0.456530213
28.08045197,0.470765233,0.456530213
28.10045242,0.463647723,0.456530213
28.12045288,0.488620639,0.513593554
28.14045334,0.500851631,0.513082564
28.1604538,0.478463769,0.456075877
28.18045425,0.495773166,0.513082564
28.20045471,0.50442785,0.513082564
28.22045517,0.508755207,0.513082564
28.24045563,0.510918856,0.513082564
28.26045609,0.51200068,0.513082564
28.28045654,0.484038293,0.456075877
28.300457,0.47005707,0.456075877
28.32045746,0.463066459,0.456075877
28.34045792,0.488074511,0.513082564
28.36045837,0.500578523,0.513082564
28.38045883,0.507086039,0.513593554
28.40045929,0.510339797,0.513593554
28.42045975,0.483435005,0.456530213
28.44046021,0.498514295,0.513593554
28.46046066,0.506053925,0.513593554
28.48046112,0.481064916,0.456075877
28.50046158,0.49707374,0.513082564
28.52046204,0.505333662,0.513593554
28.54046249,0.509463608,0.513593554
28.56046295,0.511528611,0.513593554
28.58046341,0.512305617,0.513082564
28.60046387,0.512949586,0.513593554
28.62046432,0.484512746,0.456075877
28.64046478,0.49905315,0.513593554
28.66046524,0.506323338,0.513593554
28.6804657,0.509958446,0.513593554
28.70046616,0.511520505,0.513082564
28.72046661,0.51255703,0.513593554
28.74046707,0.512819767,0.513082564
28.76046753,0.512951136,0.513082564
28.78046799,0.51301682,0.513082564
28.80046844,0.484773517,0.456530213
28.8204689,0.49892804,0.513082564
28.84046936,0.477501959,0.456075877
28.86046982,0.495547771,0.513593554
28.88047028,0.504570663,0.513593554
28.90047073,0.508826613,0.513082564
28.92047119,0.511210084,0.513593554
28.94047165,0.512146354,0.513082564
28.96047211,0.512614489,0.513082564
28.98047256,0.512848496,0.513082564
29.00047302,0.51296556,0.513082564
29.02047348,0.513024092,0.513082564
29.04047394,0.484549999,0.456075877
29.0604744,0.498816282,0.513082564
29.08047485,0.505949438,0.513082564
29.10047531,0.509516001,0.513082564
29.12047577,0.511554778,0.513593554
29.14047623,0.512318671,0.513082564
29.16047668,0.512956142,0.513593554
